Product Name,Sales,Shipping_Days,Order_Count,Cluster
0,25.228,4.333333333333333,3,1
1,41.3,5.75,4,1
2,108.682,4.25,4,1
3,379.214,4.166666666666667,6,2
4,286.672,4.6,10,2
5,146.688,3.5,8,2
6,176.288,4.5,2,1
7,71.28,4.25,4,1
8,2706.08,4.166666666666667,6,2
9,49.980000000000004,2.5,2,0
10,18.2,3.0,3,0
11,551.448,3.5,8,2
12,422.752,3.75,4,0
13,344.724,3.5,4,0
14,3537.24,3.25,4,0
15,487.512,3.3333333333333335,6,0
16,42.111999999999995,2.6666666666666665,6,0
17,2946.2,3.8,5,0
18,369.24800000000005,4.833333333333333,6,1
19,14299.89,4.0,2,3
20,2339.982,4.0,2,1
21,108.03999999999999,5.125,8,2
22,259.8,6.0,2,1
23,83.16,3.857142857142857,7,2
24,216.34,4.0,4,1
25,2191.68,3.75,4,0
26,303.36,5.5,4,1
27,8.04,4.0,1,1
28,171.14,4.0,8,2
29,138.176,5.0,5,1
30,100.316,2.0,3,0
31,455.07,4.125,8,2
32,147.028,2.923076923076923,13,2
33,65.25399999999999,4.25,4,1
34,1207.2,4.0,8,2
35,149.16,4.333333333333333,3,1
36,1070.304,6.0,3,1
37,1945.258,4.285714285714286,7,2
38,1589.084,3.6666666666666665,3,0
39,1339.104,4.6,10,2
40,1614.6,4.142857142857143,7,2
41,755.9399999999999,4.333333333333333,3,1
42,481.234,4.0,5,1
43,1936.306,4.0,4,1
44,377.97,6.0,1,1
45,475.128,4.333333333333333,3,1
46,1738.662,4.75,4,1
47,3426.132,3.3333333333333335,6,0
48,2929.984,4.333333333333333,6,2
49,137.53199999999998,2.6666666666666665,9,2
50,38.272,3.0,2,0
51,289.456,3.5,6,0
52,432.432,3.625,8,2
53,149.916,3.6,5,0
54,2796.3399999999997,4.333333333333333,6,2
55,40.896,3.4,5,0
56,66.03,4.0,5,1
57,235.18,4.555555555555555,9,2
58,262.836,4.111111111111111,9,2
59,8.352,4.0,3,1
60,33.176,3.3333333333333335,3,0
61,410.004,3.7,10,2
62,122.18,4.833333333333333,6,1
63,19.6,4.0,1,1
64,41.910000000000004,4.428571428571429,7,2
65,67.116,3.3333333333333335,6,0
66,175.388,3.5714285714285716,7,2
67,62.946,3.5,4,0
68,67.25,4.4,5,1
69,208.18,4.0,4,1
70,373.44399999999996,4.0,6,2
71,457.96799999999996,4.0,11,2
72,59.817,4.2,5,1
73,63.627,4.75,8,2
74,131.097,4.181818181818182,11,2
75,91.44,4.777777777777778,9,2
76,85.255,4.5,4,1
77,41.64,5.0,4,1
78,299.976,4.0,8,2
79,448.902,3.5,4,0
80,452.96500000000003,4.666666666666667,3,1
81,38.641999999999996,2.625,8,0
82,77.68799999999999,4.142857142857143,7,2
83,43.758,2.875,8,2
84,448.76800000000003,4.625,8,2
85,255.75,3.8,5,0
86,45.144,5.0,3,1
87,88.92,3.6666666666666665,3,0
88,95.076,4.6,5,1
89,279.3,4.0,8,2
90,195.05200000000002,4.0,3,1
91,305.8,4.2,5,1
92,44.232,4.4,5,1
93,35.587999999999994,4.0,3,1
94,159.402,4.571428571428571,7,2
95,90.88,3.0,4,0
96,43.67,4.333333333333333,3,1
97,7.632,2.0,1,0
98,166.056,4.25,4,1
99,81.424,3.25,4,0
100,196.01999999999998,2.8333333333333335,6,0
101,102.0,2.8,5,0
102,69.35,3.5555555555555554,9,2
103,93.984,4.375,8,2
104,72.848,3.4,5,0
105,227.04,3.875,8,2
106,94.928,4.666666666666667,3,1
107,172.672,4.285714285714286,7,2
108,132.888,4.0,10,2
109,223.44,4.857142857142857,7,1
110,80.936,5.0,5,1
111,40.896,4.333333333333333,3,1
112,7439.860000000001,3.8181818181818183,11,3
113,270.24800000000005,4.0,5,1
114,1990.6419999999998,3.8,5,0
115,1051.7759999999998,3.0,4,0
116,649.53,3.5,4,0
117,87.69,2.0,6,0
118,227.94,4.4,5,1
119,87.52,3.4,5,0
120,270.84,3.6666666666666665,6,2
121,225.0,5.0,10,2
122,54.936,4.428571428571429,7,2
123,139.44,4.4,5,1
124,1115.92,4.166666666666667,6,2
125,428.75,3.9,10,2
126,46.376000000000005,3.3333333333333335,3,0
127,64.042,4.2,5,1
128,1359.6660000000002,4.5,6,1
129,91.524,5.0,6,1
130,113.202,4.75,4,1
131,9.9,3.5,2,0
132,13.440000000000001,6.5,2,1
133,197.61200000000002,4.5,4,1
134,488.4,5.125,8,2
135,244.39999999999998,4.4,5,1
136,354.032,3.1818181818181817,11,2
137,88.074,4.4,5,1
138,48.93,4.5,6,1
139,1360.476,4.75,4,1
140,53.760000000000005,5.333333333333333,3,1
141,16.568,4.0,3,1
142,106.72200000000001,3.625,8,2
143,124.8,3.2,5,0
144,38.135999999999996,4.25,4,1
145,51.782,2.5,2,0
146,197.82999999999998,3.2,10,2
147,39.384,4.166666666666667,6,2
148,61.544,5.5,2,1
149,339.83,2.8333333333333335,6,0
150,599.88,3.8,5,0
151,147.926,5.75,4,1
152,499.75,4.0,5,1
153,491.836,5.25,4,1
154,251.91,1.75,4,0
155,12996.600000000002,3.5,6,3
156,1339.866,5.5,4,1
157,4901.914000000001,3.75,4,0
158,54.908,4.666666666666667,3,1
159,62.608,3.6666666666666665,3,0
160,156.8,3.6666666666666665,3,0
161,34.39,4.75,8,2
162,144.672,4.0,6,2
163,1979.88,4.75,4,1
164,917.8979999999999,6.0,2,1
165,7699.89,2.0,2,0
166,400.0268,4.0,2,1
167,7539.7122,3.125,8,3
168,5184.081,3.1666666666666665,6,0
169,5492.885,4.0,8,2
170,2221.56,3.5,4,0
171,3511.012,3.4285714285714284,7,2
172,709.92,3.75,4,0
173,231.166,4.5,2,1
174,1538.886,4.0,3,1
175,1394.95,2.0,1,0
176,20.65,3.5,2,0
177,137.808,3.8333333333333335,6,2
178,1233.412,3.5454545454545454,11,2
179,248.4,4.833333333333333,6,1
180,78.336,4.555555555555555,9,2
181,266.4,5.25,4,1
182,120.596,4.555555555555555,9,2
183,573.9639999999999,3.5,4,0
184,88.38,3.25,4,0
185,16.704,6.0,3,1
186,90.72,3.3333333333333335,3,0
187,89.25,4.333333333333333,6,1
188,91.168,4.2,5,1
189,11.56,4.5,2,1
190,83.664,3.6666666666666665,6,2
191,9.216,6.0,1,1
192,639.03,4.25,8,2
193,168.13,4.222222222222222,9,2
194,84.87,3.142857142857143,7,0
195,51.03,5.666666666666667,6,1
196,159.39,4.2,5,1
197,66.816,5.0,6,1
198,177.6,3.2,5,0
199,45.43,4.666666666666667,3,1
200,53.568,3.4,5,0
201,55.974000000000004,2.5,4,0
202,56.376,4.0,6,2
203,97.02,4.75,4,1
204,50.25,3.25,4,0
205,24.023999999999997,3.0,2,0
206,35.258,5.0,3,1
207,176.292,4.818181818181818,11,2
208,5.76,2.0,1,0
209,235.564,3.6,5,0
210,58.48,5.0,2,1
211,66.42,3.125,8,2
212,17.64,4.0,3,1
213,124.2,4.0,3,1
214,372.96000000000004,4.142857142857143,7,2
215,66.08,2.3333333333333335,3,0
216,24.192,5.5,2,1
217,87.398,5.0,6,1
218,32.364000000000004,3.0,4,0
219,95.75999999999999,3.0,5,0
220,21.75,3.3333333333333335,3,0
221,56.672,4.833333333333333,6,1
222,84.388,3.8,5,0
223,72.708,4.0,3,1
224,47.808,2.5,4,0
225,62.650000000000006,3.0,2,0
226,109.64999999999999,2.5,4,0
227,44.28,4.5,4,1
228,106.47,4.375,8,2
229,121.34599999999999,3.3333333333333335,6,0
230,68.634,4.166666666666667,6,2
231,46.620000000000005,4.2,5,1
232,277.38,3.142857142857143,7,0
233,1318.87,3.5,10,2
234,26.063,3.0,4,0
235,91.743,2.75,8,0
236,87.264,4.25,12,2
237,116.224,4.571428571428571,7,2
238,82.95,4.0,6,2
239,51.480000000000004,4.8,5,1
240,77.33,3.875,8,2
241,89.55,3.888888888888889,9,2
242,113.472,3.1538461538461537,13,2
243,239.466,3.75,4,0
244,65.464,5.0,8,2
245,99.80000000000001,4.333333333333333,6,1
246,105.846,4.333333333333333,6,1
247,92.628,4.0,5,1
248,170.984,4.8,10,2
249,7.8,6.0,2,1
250,219.78,3.1666666666666665,6,0
251,20.279999999999998,4.5,2,1
252,26.08,4.5,2,1
253,7.7,6.0,1,1
254,114.464,4.2,5,1
255,31.588,4.857142857142857,7,1
256,116.501,4.111111111111111,9,2
257,258.054,5.0,4,1
258,135.80100000000002,4.5,6,1
259,217.316,3.95,20,2
260,68.172,3.3333333333333335,3,0
261,103.86,4.333333333333333,3,1
262,78.044,3.375,8,2
263,191.352,5.0,7,1
264,115.24000000000001,4.5,6,1
265,197.169,3.2857142857142856,7,2
266,28.512,4.375,8,2
267,36.919999999999995,3.0,6,0
268,143.01,4.2727272727272725,11,2
269,314.54999999999995,2.25,4,0
270,545.034,3.857142857142857,7,2
271,25.83,3.3333333333333335,6,0
272,95.616,5.5,4,1
273,68.276,3.4,5,0
274,24.272,4.2,5,1
275,118.72,4.333333333333333,6,1
276,86.112,3.857142857142857,7,2
277,123.12,3.8333333333333335,6,2
278,173.5,4.166666666666667,6,2
279,496.248,3.8333333333333335,6,2
280,618.562,4.111111111111111,9,2
281,2241.8675,3.0,5,0
282,9279.884,4.25,4,3
283,23.183999999999997,3.5,4,0
284,828.0965,3.5,4,0
285,6518.754,4.5,4,1
286,1040.625,5.4,5,1
287,67.83000000000001,6.0,4,1
288,1088.64,4.4,5,1
289,136.464,2.0,1,0
290,849.3119999999999,4.75,4,1
291,1400.256,3.8,10,2
292,1379.172,2.5,4,0
293,1776.048,4.4,10,2
294,262.449,3.4444444444444446,9,2
295,631.68,5.0,3,1
296,157.92,3.0,1,0
297,72.64399999999999,4.5,4,1
298,1073.676,3.2857142857142856,7,2
299,737.754,3.4,5,0
300,647.84,3.0,1,0
301,277.92,3.5,2,0
302,464.196,3.4285714285714284,7,2
303,563.812,4.375,8,2
304,770.112,1.8,5,0
305,516.216,4.875,8,2
306,558.74,3.3333333333333335,3,0
307,266.336,3.75,4,0
308,64.972,3.6666666666666665,3,0
309,248.35999999999999,5.0,2,1
310,952.168,4.714285714285714,7,2
311,495.6,4.5,2,1
312,239.84,3.8,5,0
313,265.538,3.1666666666666665,6,0
314,83.944,3.5,2,0
315,254.85000000000002,6.25,4,1
316,1897.8102,3.375,8,2
317,4332.252,3.875,8,2
318,3253.2200000000003,3.0,5,0
319,2542.467,2.3333333333333335,6,0
320,6942.068,3.75,8,3
321,1007.262,4.75,4,1
322,4544.925,2.4,5,0
323,519.941,5.5,2,1
324,2297.538,3.6,5,0
325,2671.421,3.6666666666666665,6,2
326,1775.075,4.666666666666667,6,1
327,2033.496,4.0,3,1
328,36.112,4.142857142857143,7,2
329,57.4,4.0,6,2
330,667.9929999999999,3.6666666666666665,9,2
331,88.896,3.2857142857142856,7,2
332,16.176000000000002,1.5,2,0
333,45.15,4.2,5,1
334,17.64,2.6666666666666665,3,0
335,25.992,5.0,3,1
336,199.72799999999998,5.0,4,1
337,515.79,5.666666666666667,3,1
338,229.88600000000002,4.5,6,1
339,45.507999999999996,4.25,4,1
340,64.06400000000001,3.75,4,0
341,160.336,4.0,4,1
342,3099.354,4.666666666666667,6,1
343,30.438000000000002,4.666666666666667,3,1
344,1229.836,4.0,4,1
345,679.66,3.4,5,0
346,335.888,5.0,3,1
347,2865.6,4.2,5,1
348,1073.112,2.7142857142857144,7,0
349,86.076,4.5,2,1
350,43.75,5.0,2,1
351,102.608,1.75,4,0
352,444.60200000000003,4.0,6,2
353,171.04,4.666666666666667,3,1
354,389.70000000000005,4.666666666666667,3,1
355,59.489999999999995,2.0,2,0
356,14.98,4.0,1,1
357,342.55,5.0,4,1
358,523.59,3.625,8,2
359,1166.44,4.2,5,1
360,297.99,2.3333333333333335,6,0
361,533.3679999999999,3.857142857142857,7,2
362,264.61,4.0,2,1
363,873.636,3.5714285714285716,7,2
364,1706.25,4.333333333333333,3,1
365,65.0,5.0,4,1
366,7242.768,4.625,8,3
367,6776.562000000001,5.0,6,3
368,12995.2915,4.083333333333333,12,3
369,5634.9,4.25,4,1
370,13.068000000000001,3.0,3,0
371,4859.838,3.857142857142857,7,2
372,341.991,0.0,1,0
373,244.512,3.6,5,0
374,77.87,3.6666666666666665,3,0
375,330.924,3.1666666666666665,6,0
376,6151.045,5.333333333333333,6,1
377,3401.6000000000004,3.25,4,0
378,3317.7235,3.5555555555555554,9,2
379,1162.664,4.333333333333333,3,1
380,825.174,2.0,1,0
381,729.2339999999999,5.0,3,1
382,3603.288,3.0,4,0
383,3242.54,3.142857142857143,7,2
384,748.8608,5.333333333333333,3,1
385,119.833,5.0,1,1
386,1263.9569999999999,3.25,4,0
387,649.376,5.0,3,1
388,90.882,2.0,1,0
389,1473.2982000000002,4.333333333333333,6,2
390,1426.8878,3.7777777777777777,9,2
391,137.17,3.25,8,2
392,514.556,2.75,4,0
393,136.344,5.285714285714286,7,1
394,85.995,4.0,4,1
395,1456.182,4.285714285714286,7,2
396,1007.979,2.0,1,0
397,3959.9339999999997,4.5,2,1
398,8959.872,3.0,5,3
399,3639.818,4.2,5,1
400,8819.874,4.333333333333333,3,3
401,5999.9,3.75,4,0
402,575.82,5.0,2,1
403,5669.874,3.6666666666666665,3,0
404,61599.824,4.0,5,3
405,3991.98,5.0,1,1
406,422.63599999999997,3.6666666666666665,6,2
407,209.30599999999998,4.25,8,2
408,136.728,4.0,9,2
409,38.304,3.75,4,0
410,87.648,5.0,8,2
411,100.464,4.0,3,1
412,40.32,4.75,4,1
413,179.014,4.8,10,2
414,102.542,5.0,4,1
415,194.68800000000002,5.666666666666667,3,1
416,1635.796,4.25,8,2
417,3028.652,4.833333333333333,12,2
418,1073.248,3.6,5,0
419,1731.288,4.6,5,1
420,1229.754,2.875,8,2
421,1089.936,4.375,8,2
422,479.72,4.0,1,1
423,5098.176,4.0,6,2
424,4297.644,4.333333333333333,6,2
425,9587.052,3.5,4,3
426,3354.89,4.5,6,2
427,4952.673,3.7777777777777777,9,2
428,8209.059,4.230769230769231,13,3
429,224.937,2.0,1,0
430,2645.804,3.3333333333333335,6,0
431,4268.0,5.5,2,1
432,1391.4,2.5,2,0
433,385.8,2.0,1,0
434,2252.4320000000002,4.75,4,1
435,1386.69,4.333333333333333,3,1
436,213.48,5.0,1,1
437,2063.14,3.2,5,0
438,351.68,3.5,2,0
439,3930.9480000000003,3.625,8,2
440,910.662,4.2,5,1
441,1379.92,6.0,1,1
442,426.93,4.8,5,1
443,882.102,5.0,4,1
444,22638.48,5.0,1,3
445,6751.602,3.3333333333333335,6,3
446,752.2860000000001,3.75,4,0
447,341.666,3.0,2,0
448,377.538,4.0,7,2
449,6695.892,4.25,4,3
450,1685.294,4.5,4,1
451,1119.84,4.333333333333333,6,2
452,488.326,3.0,3,0
453,37.696,1.0,2,0
454,14.73,3.5,2,0
455,50.922,3.8,5,0
456,24.978,2.8,5,0
457,298.2,3.1666666666666665,6,0
458,51.6,2.6666666666666665,3,0
459,50.57,4.285714285714286,7,2
460,2982.75,5.125,8,2
461,611.712,3.4,5,0
462,11.088000000000001,4.5,4,1
463,191.6,2.0,1,0
464,405.95799999999997,5.428571428571429,7,1
465,636.6080000000001,4.0,7,2
466,546.816,3.25,4,0
467,36.162,2.5,2,0
468,193.92,4.0,4,1
469,598.308,3.8,5,0
470,272.552,5.5,4,1
471,58.644,2.8333333333333335,6,0
472,176.58,4.714285714285714,7,2
473,59.696,4.714285714285714,7,2
474,120.70400000000001,4.363636363636363,11,2
475,11099.963,4.0,3,3
476,7999.98,0.0,1,0
477,65.34,4.5,6,1
478,119.508,3.8,5,0
479,455.456,3.625,8,2
480,127.032,3.2,5,0
481,119.556,4.666666666666667,3,1
482,291.45599999999996,4.0,5,1
483,120.768,2.75,4,0
484,125.786,5.4,5,1
485,145.69,3.5,4,0
486,196.248,3.6,5,0
487,161.92,3.4,5,0
488,513.712,4.6,5,1
489,113.332,4.666666666666667,3,1
490,216.144,4.125,8,2
491,234.784,4.0,6,2
492,161.028,3.888888888888889,9,2
493,477.804,4.111111111111111,9,2
494,159.268,3.25,4,0
495,44.891999999999996,5.166666666666667,6,1
496,94.86,4.428571428571429,7,2
497,4619.987999999999,3.3636363636363638,11,2
498,11046.609,3.3333333333333335,6,3
499,215.109,4.1,10,2
500,124.592,5.0,4,1
501,1343.9160000000002,3.0,3,0
502,581.172,3.5,4,0
503,1114.384,4.333333333333333,6,2
504,108.936,4.285714285714286,7,2
505,508.72800000000007,2.6,5,0
506,96.03,4.166666666666667,6,2
507,46.26,7.0,1,1
508,518.112,2.888888888888889,9,2
509,124.74,3.6666666666666665,3,0
510,1685.44,3.6,5,0
511,673.87,3.3333333333333335,6,0
512,619.8,3.5,2,0
513,1115.6399999999999,4.111111111111111,9,2
514,1579.3719999999998,4.714285714285714,7,2
515,1623.248,4.0,6,2
516,437.70000000000005,4.25,4,1
517,125.0,5.0,2,1
518,182.49,4.4,5,1
519,504.24,4.857142857142857,7,1
520,5572.792,3.8,5,2
521,13.622,4.333333333333333,3,1
522,259.68,4.5,2,1
523,467.92,3.6666666666666665,3,0
524,3044.164,4.777777777777778,9,2
525,30.59,4.333333333333333,3,1
526,95.94,4.25,4,1
527,110.76,3.7142857142857144,7,2
528,229.572,4.428571428571429,7,2
529,431.28999999999996,1.0,2,0
530,75.348,5.5,2,1
531,23.332,3.3333333333333335,3,0
532,28.608,3.0,2,0
533,45.036,2.0,2,0
534,3322.878,3.875,8,2
535,5489.124,3.875,8,2
536,37.239999999999995,5.0,2,1
537,2414.156,3.590909090909091,44,2
538,1098.504,4.2,10,2
539,139.872,3.5714285714285716,7,2
540,52.8,5.0,3,1
541,34.58,3.0,4,0
542,26.624000000000002,4.0,3,1
543,3138.8,4.0,7,2
544,1002.936,4.25,4,1
545,36.396,4.5,4,1
546,120.576,3.0,6,0
547,75.36,2.0,2,0
548,135.648,4.6,5,1
549,138.16,5.0,4,1
550,29.7,4.5,2,1
551,145.25,2.6,5,0
552,137.598,3.0,5,0
553,563.03,4.4,5,1
554,379.4,4.0,3,1
555,1431.944,4.25,4,1
556,872.256,3.7142857142857144,7,2
557,344.1,5.0,4,1
558,1304.1280000000002,5.4,5,1
559,1200.936,5.2,5,1
560,546.192,3.3333333333333335,6,0
561,124.41,5.0,1,1
562,98.13600000000001,4.5,2,1
563,361.87199999999996,3.4,5,0
564,108.08,5.25,4,1
565,167.552,4.2,5,1
566,93.6,5.0,2,1
567,155.708,3.8,5,0
568,121.296,4.666666666666667,3,1
569,175.644,4.636363636363637,11,2
570,160.54000000000002,3.6,5,0
571,149.70000000000002,4.6,5,1
572,79.4,4.0,1,1
573,301.96799999999996,5.0,5,1
574,348.22,3.5,6,0
575,48.852,4.0,5,1
576,111.18799999999999,3.875,8,2
577,180.31,4.0,5,1
578,53.46,2.3333333333333335,3,0
579,709.5,3.5,6,0
580,37.464,4.75,4,1
581,899.304,3.7777777777777777,9,2
582,614.0579999999999,4.142857142857143,7,2
583,775.6120000000001,3.5,6,0
584,39.688,4.666666666666667,3,1
585,33.756,4.2,5,1
586,300.14,3.375,8,2
587,345.832,4.75,8,2
588,50.768,4.5,6,1
589,155.38,3.2,5,0
590,266.73,5.142857142857143,14,2
591,155.44,5.0,4,1
592,2863.8,3.6,5,0
593,463.79600000000005,6.0,2,1
594,2292.74,2.4,5,0
595,117.28,4.0,2,1
596,179.14,3.142857142857143,7,0
597,284.382,3.5,4,0
598,2450.16,5.166666666666667,6,1
599,1641.1499999999999,3.4,5,0
600,407.092,3.5,4,0
601,206.991,4.0,1,1
602,1212.705,3.5,2,0
603,279.96,3.0,2,0
604,1.624,4.0,1,1
605,197.72,3.0,1,0
606,99.792,4.8,5,1
607,1524.5320000000002,3.0,3,0
608,83.904,5.8,5,1
609,948.228,4.333333333333333,6,1
610,1042.08,4.75,4,1
611,1674.4,4.166666666666667,6,2
612,170.744,4.666666666666667,3,1
613,693.952,4.0,6,2
614,258.72,3.8,5,0
615,176.7,3.6666666666666665,6,2
616,253.8,3.6666666666666665,3,0
617,315.372,4.75,8,2
618,56.099999999999994,4.5,2,1
619,377.90999999999997,5.25,4,1
620,346.788,3.5714285714285716,7,2
621,97.812,4.5,2,1
622,308.99199999999996,4.333333333333333,6,1
623,58.784,4.0,2,1
624,66.56,4.0,2,1
625,867.2599999999999,2.75,4,0
626,37.164,4.2,5,1
627,77.904,4.666666666666667,3,1
628,759.1220000000001,3.4,5,0
629,665.6759999999999,4.2,5,1
630,244.288,4.0,3,1
631,386.75399999999996,4.333333333333333,6,1
632,1187.56,2.5714285714285716,7,0
633,2612.196,3.625,8,2
634,1426.308,4.083333333333333,12,2
635,858.8820000000001,4.3,10,2
636,436.12800000000004,4.0,9,2
637,271.44,3.6,5,0
638,102.256,4.111111111111111,9,2
639,664.832,3.0,4,0
640,201.45000000000002,2.75,4,0
641,581.58,3.0,2,0
642,3946.656,3.5,8,2
643,344.59000000000003,4.166666666666667,6,2
644,2300.66,3.8,10,2
645,480.70399999999995,4.285714285714286,7,2
646,4509.466,3.909090909090909,11,2
647,3093.818,4.75,8,2
648,8070.192,4.5,6,3
649,27453.384000000002,4.2,10,3
650,284.716,2.5,4,0
651,2541.8360000000002,4.0,3,1
652,929.48,4.428571428571429,7,2
653,133.86,2.5,2,0
654,1287.9479999999999,3.0,3,0
655,180.66,5.0,1,1
656,4829.25,4.857142857142857,7,2
657,3397.308,3.375,8,2
658,4479.03,4.285714285714286,7,2
659,477.3,2.5,4,0
660,3489.48,4.25,8,2
661,867.768,3.888888888888889,9,2
662,142.308,4.222222222222222,9,2
663,262.668,4.333333333333333,3,1
664,1125.148,3.2857142857142856,7,2
665,1722.2,4.0,5,1
666,571.2,4.5,2,1
667,217.224,5.0,4,1
668,62.16,5.5,2,1
669,307.44,4.428571428571429,7,2
670,75.492,4.25,4,1
671,546.36,4.363636363636363,11,2
672,142.05,4.833333333333333,6,1
673,434.56,4.333333333333333,6,1
674,90.744,3.8,5,0
675,62.82,4.2,5,1
676,81.00800000000001,2.6666666666666665,6,0
677,137.26999999999998,3.6666666666666665,3,0
678,136.44,4.25,4,1
679,4209.799999999999,4.75,4,1
680,6785.142,4.25,8,3
681,2954.444,3.875,8,2
682,17965.068,3.8333333333333335,6,3
683,2264.892,3.9,10,2
684,4322.814,3.5,6,2
685,19823.479,4.818181818181818,11,3
686,323.145,3.5714285714285716,7,2
687,19024.5,3.6666666666666665,9,3
688,241.56,4.125,8,2
689,71.928,4.2,5,1
690,164.985,4.153846153846154,13,2
691,112.733,5.0,5,1
692,207.566,3.5,6,0
693,128.186,5.333333333333333,6,1
694,172.692,3.1,10,2
695,68.88,4.714285714285714,7,2
696,256.122,4.0,6,2
697,207.87,4.833333333333333,6,1
698,780.456,3.7142857142857144,14,2
699,433.789,4.5,8,2
700,970.973,4.0,9,2
701,3222.996,4.0,5,1
702,1573.908,3.857142857142857,7,2
703,66.40899999999999,3.2,5,0
704,466.29,5.2,5,1
705,1171.688,3.6,5,0
706,487.34400000000005,3.875,8,2
707,55.755,4.6,5,1
708,108.644,3.375,8,2
709,258.72,3.6666666666666665,12,2
710,443.576,4.545454545454546,11,2
711,1180.704,3.0,2,0
712,1041.664,4.3,10,2
713,269.394,4.333333333333333,9,2
714,342.768,3.3636363636363638,11,2
715,496.018,3.5,4,0
716,842.166,4.25,8,2
717,52.992,2.25,4,0
718,514.0219999999999,4.833333333333333,6,1
719,269.328,5.571428571428571,7,1
720,184.052,4.714285714285714,7,2
721,212.65800000000002,4.6,5,1
722,1771.5140000000001,4.333333333333333,3,1
723,1159.9,3.3333333333333335,3,0
724,5291.7300000000005,2.6666666666666665,9,2
725,98.868,3.6666666666666665,3,0
726,2699.056,4.0,8,2
727,495.87600000000003,4.5,4,1
728,45.396,3.7142857142857144,7,2
729,138.204,4.0,2,1
730,189.654,5.0,3,1
731,3415.04,3.727272727272727,11,2
732,76.092,4.333333333333333,3,1
733,3447.84,4.0,2,1
734,3540.348,4.0,4,1
735,3472.54,4.625,8,2
736,1396.442,4.0,8,2
737,815.864,4.666666666666667,6,1
738,6084.144,4.2,5,2
739,2811.07,2.8,5,0
740,7979.4400000000005,4.0,9,3
741,4420.056,3.142857142857143,7,2
742,8665.194,4.375,8,3
743,1087.92,3.3333333333333335,3,0
744,1420.504,4.0,6,2
745,764.7,4.142857142857143,7,2
746,1770.54,4.2,10,2
747,2032.35,3.0,4,0
748,207.184,4.0,1,1
749,6008.536,4.181818181818182,11,2
750,4626.582,3.6666666666666665,6,2
751,2908.224,3.625,8,2
752,1757.266,4.571428571428571,7,2
753,5436.158,4.214285714285714,14,2
754,2647.809,3.3333333333333335,9,2
755,969.252,2.5,2,0
756,1327.832,4.5,4,1
757,5861.532999999999,4.571428571428571,7,2
758,5989.204,3.727272727272727,11,2
759,1448.839,3.375,8,2
760,6410.874,4.25,8,2
761,1746.9540000000002,3.75,8,2
762,2959.208,3.3333333333333335,6,0
763,2185.951,4.0,9,2
764,803.464,3.142857142857143,7,0
765,901.506,3.4285714285714284,7,2
766,2389.902,4.0,7,2
767,463.099,4.2,5,1
768,12975.382,4.0,9,3
769,1784.077,2.7777777777777777,9,2
770,2204.862,4.5,10,2
771,4166.884,3.5714285714285716,14,2
772,375.73199999999997,3.857142857142857,7,2
773,3815.788,5.0,5,1
774,2299.75,3.7,10,2
775,953.82,4.833333333333333,6,1
776,803.692,5.333333333333333,6,1
777,596.6220000000001,4.0,4,1
778,169.832,4.125,8,2
779,857.376,3.4,5,0
780,569.24,5.4,5,1
781,395.78,4.5,6,1
782,175.422,3.0,3,0
783,7.072,5.0,1,1
784,9070.944,4.0,8,3
785,21870.576,3.125,8,3
786,18374.895,4.666666666666667,3,3
787,86.84,4.0,2,1
788,106.352,4.75,4,1
789,449.97,2.5,2,0
790,275.5,3.6666666666666665,6,2
791,1119.888,4.0,4,1
792,2041.038,3.75,4,0
793,29.97,4.5,2,1
794,32.868,3.3333333333333335,3,0
795,260.14799999999997,3.3333333333333335,3,0
796,251.2,2.2,5,0
797,1501.8980000000001,2.25,8,0
798,2389.125,3.75,8,2
799,1946.7,3.8,5,0
800,128.7,5.75,4,1
801,176.74200000000002,4.0,8,2
802,4199.86,4.0,6,2
803,8899.822,3.4285714285714284,7,3
804,18839.686,1.75,8,3
805,131.1,5.5,2,1
806,3040.0,3.0,1,0
807,597.132,3.0,1,0
808,1396.21,4.0,2,1
809,447.968,7.0,1,1
810,101.994,0.0,1,0
811,3404.5,4.0,1,1
812,17030.311999999998,3.0,3,3
813,4770.633,4.0,9,2
814,333.564,5.0,4,1
815,147.26,4.0,4,1
816,239.58,4.5,6,1
817,675.12,5.0,1,1
818,357.616,3.75,8,2
819,151.062,4.75,4,1
820,203.94,3.75,4,0
821,1383.0810000000001,3.6,10,2
822,47.544000000000004,3.0,2,0
823,980.232,3.2857142857142856,7,2
824,5282.424,3.0,6,0
825,3140.55,5.0,4,1
826,2040.054,4.142857142857143,7,2
827,1296.028,4.0,3,1
828,1474.308,3.5,4,0
829,1231.56,4.5,4,1
830,8430.997,2.75,8,3
831,3980.152,3.1666666666666665,6,0
832,7582.374,4.166666666666667,6,3
833,5965.09,3.857142857142857,7,2
834,582.033,3.25,8,2
835,7404.5,4.2,5,3
836,1686.904,3.8333333333333335,6,2
837,2586.1879999999996,4.0,4,1
838,10637.528,3.75,12,3
839,1268.696,5.5,2,1
840,967.84,3.6666666666666665,3,0
841,6748.482,4.8,10,2
842,6936.102,3.5555555555555554,9,3
843,1570.0775999999998,4.2,5,1
844,851.76,6.5,2,1
845,1320.228,4.2,5,1
846,2705.7799999999997,4.2,5,1
847,6584.64,4.0,6,3
848,3775.647,2.6,5,0
849,5427.99,4.75,4,1
850,5294.456,4.0,10,2
851,6483.796,3.0,4,0
852,4334.8275,3.0,6,0
853,3963.901,2.8333333333333335,6,0
854,3481.515,4.75,4,1
855,1242.054,2.75,4,0
856,299.20799999999997,4.5,2,1
857,3855.1800000000003,3.3333333333333335,3,0
858,8899.24,2.857142857142857,7,3
859,1320.166,4.666666666666667,3,1
860,1761.76,3.8333333333333335,6,2
861,18.096,3.0,2,0
862,1023.3520000000001,4.0,3,1
863,91.68599999999999,5.75,4,1
864,168.392,3.5,4,0
865,61.824,4.75,4,1
866,9.768,2.5,4,0
867,56.09,3.4,5,0
868,5009.48,3.1666666666666665,6,0
869,6832.908,4.5,6,3
870,3051.3,4.0,3,1
871,8138.232,4.461538461538462,13,3
872,681.454,5.5,4,1
873,500.308,4.0,6,2
874,1184.232,4.0,6,2
875,479.33799999999997,2.5,2,0
876,786.9,4.0,2,1
877,1042.068,1.8333333333333333,6,0
878,764.332,5.2,5,1
879,949.026,4.2,5,1
880,1324.8,3.3333333333333335,9,2
881,1636.864,5.285714285714286,7,1
882,575.46,4.0,4,1
883,531.948,5.166666666666667,6,1
884,1113.024,5.0,1,1
885,83.952,2.5,4,0
886,671.808,3.0,5,0
887,1617.9479999999999,4.8,10,2
888,957.6,3.3333333333333335,6,0
889,542.984,4.1,10,2
890,350.973,6.0,1,1
891,458.504,3.3333333333333335,6,0
892,184.0,3.2857142857142856,7,2
893,3234.913,3.0,8,2
894,15875.916000000001,5.333333333333333,3,3
895,5398.323,4.2727272727272725,11,2
896,7249.403,4.0,7,3
897,1100.4,3.625,8,2
898,1100.48,4.230769230769231,13,2
899,208.221,3.888888888888889,9,2
900,72.038,3.7142857142857144,7,2
901,86.35,3.6666666666666665,3,0
902,312.48,2.6666666666666665,3,0
903,275.216,3.888888888888889,9,2
904,5751.774,3.875,8,2
905,1589.406,5.833333333333333,6,1
906,3457.442,4.142857142857143,7,2
907,58.69199999999999,4.125,8,2
908,2098.88,3.6666666666666665,3,0
909,2659.84,3.5,4,0
910,1007.152,2.888888888888889,9,2
911,154.56,4.8,5,1
912,467.21999999999997,3.8,5,0
913,350.20399999999995,3.3333333333333335,3,0
914,357.0,3.375,8,2
915,443.68,5.428571428571429,7,1
916,1926.9360000000001,4.833333333333333,6,1
917,888.966,3.6666666666666665,6,2
918,54.57599999999999,5.5,2,1
919,30.3,5.5,2,1
920,54.599999999999994,3.5,4,0
921,121.392,3.0,3,0
922,746.834,4.833333333333333,6,1
923,17.49,3.8,5,0
924,66.566,4.125,8,2
925,197.82,3.0,3,0
926,284.104,3.6666666666666665,3,0
927,225.036,2.5,6,0
928,131.72,5.0,5,1
929,779.87,3.8333333333333335,6,2
930,204.72400000000002,4.0,6,2
931,1727.0639999999999,3.75,4,0
932,3158.064,5.0,9,2
933,2018.702,1.6666666666666667,3,0
934,2159.82,4.0,5,1
935,467.22,2.5,4,0
936,2022.272,4.666666666666667,3,1
937,2027.304,3.8,5,0
938,496.584,4.75,4,1
939,552.706,4.25,4,1
940,29.808,4.0,1,1
941,4466.661,3.9411764705882355,17,2
942,2140.878,3.75,8,2
943,126.36000000000001,3.3333333333333335,3,0
944,2488.392,4.142857142857143,7,2
945,409.6,3.1666666666666665,6,0
946,812.1600000000001,4.0,2,1
947,147.528,5.5,2,1
948,2491.28,4.0,5,1
949,2883.276,3.4,5,0
950,1473.108,2.25,4,0
951,1690.8220000000001,4.0,6,2
952,321.846,4.0,6,2
953,1511.748,3.25,4,0
954,549.89,3.75,4,0
955,360.712,4.0,2,1
956,306.0,4.4,5,1
957,148.03199999999998,3.3333333333333335,3,0
958,75.1,4.666666666666667,3,1
959,477.93,4.153846153846154,13,2
960,355.95,3.857142857142857,7,2
961,202.68,4.0,2,1
962,44.03,5.666666666666667,3,1
963,9.568,5.0,2,1
964,2221.596,3.0,4,0
965,319.92,5.0,1,1
966,261.6,4.25,8,2
967,499.88399999999996,2.0,2,0
968,1154.326,4.333333333333333,3,1
969,1499.97,5.0,1,1
970,1803.108,3.0,4,0
971,2096.168,4.666666666666667,3,1
972,276.945,3.4,5,0
973,198.462,3.6,5,0
974,864.3100000000001,4.6,5,1
975,367.092,4.2,5,1
976,2847.7799999999997,3.125,8,2
977,2298.114,4.111111111111111,9,2
978,4600.092,4.125,8,2
979,341.41999999999996,4.5,2,1
980,10.08,4.0,2,1
981,36.708,3.75,4,0
982,218.416,3.75,4,0
983,600.0,4.5,2,1
984,16829.901,3.75,4,3
985,723.51,2.5,2,0
986,299.97,2.5,2,0
987,396.0,6.0,1,1
988,5212.112,4.285714285714286,7,2
989,253.648,3.1666666666666665,6,0
990,101.94,0.0,1,0
991,704.691,4.571428571428571,7,2
992,1409.53,2.6,15,2
993,739.8,4.1,10,2
994,533.078,4.333333333333333,6,1
995,778.736,3.75,12,2
996,759.936,2.8,5,0
997,1039.87,3.5,4,0
998,4389.246,3.375,8,2
999,2157.8340000000003,3.3333333333333335,6,0
1000,1167.854,3.3333333333333335,3,0
1001,1399.8,5.0,4,1
1002,1375.828,3.6666666666666665,6,2
1003,1871.766,3.0,8,2
1004,2339.766,2.7777777777777777,9,2
1005,170.97,7.0,1,1
1006,1154.664,2.0,5,0
1007,174.24,5.333333333333333,3,1
1008,239.94,3.3333333333333335,3,0
1009,503.856,6.0,4,1
1010,1916.716,4.6,5,1
1011,773.742,4.222222222222222,9,2
1012,551.908,3.6666666666666665,3,0
1013,1983.8760000000002,4.2,5,1
1014,386.90999999999997,4.5,2,1
1015,2799.72,3.5,6,2
1016,1409.718,4.25,8,2
1017,1799.82,2.7142857142857144,7,0
1018,364.854,4.0,3,1
1019,7399.704,3.0,5,3
1020,2362.7219999999998,4.625,8,2
1021,1139.81,4.0,6,2
1022,207.896,4.666666666666667,6,1
1023,749.932,2.6666666666666665,6,0
1024,10196.604,4.333333333333333,9,3
1025,3743.7920000000004,4.0,5,2
1026,383.04,4.0,2,1
1027,5609.83,4.25,4,1
1028,106.568,4.0,9,2
1029,18.25,3.5,2,0
1030,171.39,3.8333333333333335,6,2
1031,281.658,3.0,3,0
1032,1545.816,3.75,4,0
1033,338.98,5.6,5,1
1034,818.4,2.25,4,0
1035,3861.056,4.6,5,1
1036,1268.922,4.0,4,1
1037,279.63,4.25,4,1
1038,84.83200000000001,4.333333333333333,6,1
1039,251.76000000000002,4.2,5,1
1040,88.16,4.428571428571429,7,2
1041,125.172,3.75,4,0
1042,16656.2,4.333333333333333,6,3
1043,236.99200000000002,3.5714285714285716,7,2
1044,152.064,4.166666666666667,6,2
1045,176.784,3.7777777777777777,9,2
1046,47.752,4.5,4,1
1047,59.696,3.3333333333333335,3,0
1048,154.336,4.428571428571429,7,2
1049,83.49,3.6666666666666665,3,0
1050,11.682,4.6,5,1
1051,264.438,3.5,4,0
1052,1231.692,4.0,11,2
1053,19.008,3.4,5,0
1054,146.55599999999998,4.25,4,1
1055,230.67,4.0,4,1
1056,232.764,3.2,5,0
1057,15.76,4.0,3,1
1058,296.64,3.6666666666666665,3,0
1059,220.248,2.6666666666666665,3,0
1060,1002.0419999999999,4.714285714285714,7,2
1061,2755.4,4.0,2,1
1062,54.474000000000004,5.333333333333333,3,1
1063,257.742,3.857142857142857,7,2
1064,76.836,5.333333333333333,3,1
1065,373.78,3.6,5,0
1066,472.86,3.5,4,0
1067,136.276,4.8,5,1
1068,411.8,3.142857142857143,7,0
1069,556.452,4.0,7,2
1070,379.70399999999995,2.8,5,0
1071,103.88,5.333333333333333,3,1
1072,299.0,3.5,8,2
1073,495.07,4.2,5,1
1074,280.0,4.0,2,1
1075,13.616,3.0,1,0
1076,507.36,3.8,5,0
1077,194.54399999999998,5.2,5,1
1078,119.21,4.8,5,1
1079,51.36,2.5,2,0
1080,152.144,4.5,6,1
1081,685.588,3.4,5,0
1082,440.0,3.8333333333333335,6,2
1083,107.964,6.0,2,1
1084,291.85400000000004,4.25,4,1
1085,359.70000000000005,5.0,2,1
1086,557.814,2.8,5,0
1087,1497.0,4.0,4,1
1088,1414.23,4.222222222222222,9,2
1089,591.852,4.25,4,1
1090,1465.7440000000001,4.8,5,1
1091,2116.688,3.75,4,0
1092,7699.72,4.0,9,3
1093,449.664,2.6,5,0
1094,402.976,5.4,5,1
1095,1583.8020000000001,4.166666666666667,6,2
1096,419.23,3.0,4,0
1097,2609.826,4.75,4,1
1098,832.238,4.111111111111111,9,2
1099,4211.73,4.333333333333333,6,2
1100,607.068,3.1666666666666665,6,0
1101,1631.952,1.5,2,0
1102,368.45599999999996,5.4,5,1
1103,1887.3,4.2,5,1
1104,325.86,1.0,1,0
1105,2623.8360000000002,4.2,5,1
1106,1890.0,4.285714285714286,7,2
1107,59.976,7.0,1,1
1108,276.658,3.4285714285714284,7,2
1109,479.988,4.0,1,1
1110,51.184000000000005,5.0,6,1
1111,19.292,4.333333333333333,3,1
1112,8.4,2.5,2,0
1113,196.35000000000002,3.0,5,0
1114,94.99000000000001,4.2,5,1
1115,38.72,4.285714285714286,7,2
1116,61.438,4.625,8,2
1117,234.768,3.0,11,2
1118,28.208,4.0,3,1
1119,118.296,3.857142857142857,7,2
1120,145.912,4.166666666666667,6,2
1121,46.944,5.0,2,1
1122,79.96799999999999,5.0,7,1
1123,61.716,3.4,5,0
1124,511.872,3.125,8,2
1125,47.232,3.6666666666666665,6,2
1126,81.32,3.0,7,0
1127,65.6,4.0,4,1
1128,30.576,5.0,6,1
1129,21.168,5.666666666666667,3,1
1130,228.69,4.0,6,2
1131,128.03,3.6666666666666665,6,2
1132,36.608,4.0,6,2
1133,39.78,3.75,4,0
1134,75.92,2.3333333333333335,3,0
1135,24.272,4.5,2,1
1136,47.988,5.666666666666667,3,1
1137,59.800000000000004,2.0,4,0
1138,75.306,4.75,4,1
1139,67.032,3.8,5,0
1140,86.73599999999999,4.090909090909091,11,2
1141,531.712,4.0,6,2
1142,34.56,5.75,4,1
1143,68.48,3.25,4,0
1144,10.496,3.0,2,0
1145,23.52,5.0,2,1
1146,26.688000000000002,4.333333333333333,3,1
1147,460.288,4.571428571428571,7,2
1148,25.92,6.0,2,1
1149,96.72800000000001,4.571428571428571,7,2
1150,9.84,2.0,1,0
1151,65.268,4.571428571428571,7,2
1152,41.144,4.8,5,1
1153,476.16,3.7777777777777777,9,2
1154,25.344,5.5,4,1
1155,127.54400000000001,3.4285714285714284,7,2
1156,65.6,4.5,6,1
1157,42.64,3.3333333333333335,3,0
1158,93.152,5.333333333333333,9,2
1159,62.32,4.333333333333333,6,1
1160,82.656,4.285714285714286,7,2
1161,83.426,4.142857142857143,7,2
1162,1439.968,4.0,1,1
1163,515.828,3.8,5,0
1164,1310.296,3.0,3,0
1165,42.944,4.375,8,2
1166,1000.728,4.666666666666667,3,1
1167,4434.912,3.6,10,2
1168,2744.87,4.0,4,1
1169,1876.524,3.8333333333333335,6,2
1170,1695.244,4.375,8,2
1171,922.74,4.5,4,1
1172,2385.484,3.4285714285714284,7,2
1173,1341.5220000000002,4.333333333333333,6,2
1174,19.7,0.0,2,0
1175,409.536,3.1666666666666665,6,0
1176,170.62,3.5714285714285716,7,2
1177,246.64800000000002,2.6666666666666665,3,0
1178,151.656,2.3333333333333335,3,0
1179,4886.46,4.714285714285714,7,2
1180,723.842,3.6666666666666665,6,2
1181,1119.195,2.6,5,0
1182,2740.197,4.0,7,2
1183,540.804,3.75,4,0
1184,1072.344,5.5,2,1
1185,424.90000000000003,5.0,2,1
1186,1912.308,3.2,5,0
1187,2970.059,4.3,10,2
1188,2220.8289999999997,3.3333333333333335,3,0
1189,3420.7704,4.666666666666667,6,1
1190,1646.9180000000001,5.0,4,1
1191,2946.3668,4.4,5,1
1192,30.832,4.571428571428571,7,2
1193,128.164,3.857142857142857,7,2
1194,15.623999999999999,4.4,5,1
1195,92.136,3.625,8,2
1196,139.62,2.5714285714285716,7,0
1197,82.832,4.0,6,2
1198,12.996,1.6666666666666667,3,0
1199,5801.816,3.8,5,2
1200,3178.13,3.8,5,0
1201,3989.734,4.857142857142857,7,2
1202,1842.268,4.166666666666667,6,2
1203,694.194,5.0,2,1
1204,3680.538,3.111111111111111,9,2
1205,2207.956,2.5,2,0
1206,1311.876,3.4285714285714284,7,2
1207,2200.464,4.285714285714286,7,2
1208,4185.48,4.2,5,1
1209,8774.5,3.875,8,3
1210,600.4680000000001,5.0,2,1
1211,1543.6170000000002,4.0,5,1
1212,1775.68,4.428571428571429,7,2
1213,1029.6,4.0,2,1
1214,179.991,2.0,1,0
1215,3210.8,4.6,5,1
1216,2011.9,5.5,2,1
1217,2844.2999999999997,1.0,2,0
1218,7834.4,2.5,2,3
1219,2015.8400000000001,3.2,5,0
1220,384.846,4.25,4,1
1221,285.87,3.5,4,0
1222,689.77,3.0,8,2
1223,133.128,3.0,2,0
1224,9.588,5.0,1,1
1225,1830.148,4.125,8,2
1226,546.06,4.0,1,1
1227,452.88,4.666666666666667,3,1
1228,197.82,4.0,2,1
1229,124.488,3.6666666666666665,3,0
1230,705.208,5.0,6,1
1231,234.24,4.25,4,1
1232,247.32,1.5,2,0
1233,2396.4,7.0,1,1
1234,1619.82,3.5,2,0
1235,459.95399999999995,5.5,2,1
1236,1259.58,3.4,5,0
1237,1185.558,4.8,5,1
1238,590.328,4.333333333333333,3,1
1239,1665.804,3.5714285714285716,7,2
1240,1135.028,4.428571428571429,7,2
1241,4978.146000000001,2.7142857142857144,7,0
1242,3059.7960000000003,3.8,5,0
1243,846.216,4.857142857142857,7,2
1244,62.28,4.0,1,1
1245,65.52,2.3333333333333335,3,0
1246,199.8,3.4,5,0
1247,62.856,4.5,4,1
1248,264.024,4.166666666666667,6,2
1249,38.016,4.142857142857143,7,2
1250,287.97,4.285714285714286,7,2
1251,29.346,4.75,4,1
1252,91.475,3.0,1,0
1253,611.054,4.375,8,2
1254,419.88,5.0,3,1
1255,180.596,5.0,8,2
1256,44.37,4.166666666666667,6,2
1257,153.72,5.166666666666667,6,1
1258,321.44,3.5,4,0
1259,177.612,5.0,5,1
1260,459.096,3.875,8,2
1261,145.73000000000002,3.3333333333333335,6,0
1262,231.856,3.6666666666666665,3,0
1263,353.29200000000003,3.5,6,0
1264,844.672,4.25,4,1
1265,1619.676,4.222222222222222,9,2
1266,1913.13,3.5,4,0
1267,1332.702,4.5,4,1
1268,10822.36,4.3,10,3
1269,2508.672,4.25,4,1
1270,908.7,3.5,6,0
1271,746.17,4.714285714285714,7,2
1272,2227.008,4.0,3,1
1273,618.48,3.4285714285714284,7,2
1274,2242.032,3.0,6,0
1275,9367.289999999999,4.0,7,3
1276,29.925,5.0,1,1
1277,1221.812,4.2,5,1
1278,1359.534,3.3333333333333335,3,0
1279,269.67,4.0,5,1
1280,35.712,4.0,4,1
1281,77.244,4.2,5,1
1282,451.962,3.4285714285714284,7,2
1283,68.136,4.363636363636363,11,2
1284,1679.8880000000001,4.0,5,1
1285,4619.2300000000005,3.25,4,0
1286,3839.62,4.333333333333333,6,2
1287,1903.8400000000001,5.0,4,1
1288,3968.5099999999998,1.0,4,0
1289,6227.654,3.625,8,2
1290,3657.38,5.0,5,1
1291,224.66400000000002,4.333333333333333,6,1
1292,99.11999999999999,3.0,2,0
1293,62.608000000000004,4.0,2,1
1294,127.87200000000001,4.5,4,1
1295,90.55199999999999,4.142857142857143,7,2
1296,100.08,3.3636363636363638,11,2
1297,38.976,3.0,8,2
1298,2836.366,2.8,5,0
1299,2641.6079999999997,4.125,8,2
1300,508.348,3.625,8,2
1301,753.182,4.0,10,2
1302,698.04,4.571428571428571,7,2
1303,81.652,3.857142857142857,7,2
1304,102.619,4.333333333333333,12,2
1305,33.108000000000004,4.666666666666667,3,1
1306,99.324,3.25,8,2
1307,112.66799999999999,4.4,10,2
1308,92.82,3.0,8,2
1309,85.728,4.375,8,2
1310,396.8,3.8333333333333335,6,2
1311,193.61399999999998,4.5,4,1
1312,571.7139999999999,4.0,5,1
1313,3590.026,4.8,10,2
1314,201.568,2.0,1,0
1315,79.22999999999999,4.0,5,1
1316,240.764,4.25,4,1
1317,15.469999999999999,2.5,2,0
1318,80.592,4.571428571428571,7,2
1319,239.97,2.0,1,0
1320,159.984,7.0,1,1
1321,323.976,6.0,1,1
1322,727.944,4.5,2,1
1323,1085.238,4.0,5,1
1324,281.892,3.875,8,2
1325,53.848,4.0,5,1
1326,2299.77,3.4,5,0
1327,2159.73,3.75,8,2
1328,5119.744000000001,3.2857142857142856,7,2
1329,1620.156,3.8,5,0
1330,268.5,5.2,5,1
1331,308.844,3.7777777777777777,9,2
1332,235.77599999999998,4.166666666666667,6,2
1333,68.28,5.5,2,1
1334,235.102,4.25,4,1
1335,110.01599999999999,3.0,3,0
1336,69.768,4.0,8,2
1337,1053.032,4.666666666666667,6,1
1338,939.9300000000001,3.3333333333333335,3,0
1339,93.22,3.142857142857143,7,0
1340,196.98000000000002,3.8,5,0
1341,19.92,4.0,1,1
1342,29.204,3.0,2,0
1343,110.01599999999999,4.8,5,1
1344,35.904,3.2,5,0
1345,48.006,3.1666666666666665,6,0
1346,465.64500000000004,2.3333333333333335,3,0
1347,136.816,4.0,5,1
1348,4446.175,3.4,5,0
1349,917.9200000000001,2.0,3,0
1350,15610.9656,3.6,5,3
1351,443.99600000000004,4.5,8,2
1352,75.62400000000001,4.857142857142857,7,1
1353,277.03200000000004,4.833333333333333,6,1
1354,518.9399999999999,3.857142857142857,7,2
1355,105.14399999999999,4.666666666666667,3,1
1356,29.952,3.8333333333333335,6,2
1357,421.008,3.1666666666666665,6,0
1358,58.344,3.25,4,0
1359,2064.228,3.0,5,0
1360,2487.759,4.25,4,1
1361,489.37919999999997,6.0,2,1
1362,11572.78,4.461538461538462,13,3
1363,4704.696,4.5,10,2
1364,1445.2640000000001,3.0,5,0
1365,4199.456,3.8,10,2
1366,705.32,3.3333333333333335,3,0
1367,1240.04,3.75,8,2
1368,245.088,5.0,5,1
1369,2979.004,4.6,5,1
1370,3739.115,5.4,5,1
1371,14.2,5.666666666666667,3,1
1372,209.56799999999998,2.4285714285714284,7,0
1373,56.164,2.3333333333333335,3,0
1374,96.418,3.0,4,0
1375,881.192,3.75,4,0
1376,483.704,4.2,5,1
1377,5697.76,3.5,8,2
1378,638.8199999999999,3.0,4,0
1379,827.12,3.0,5,0
1380,1363.058,4.6,5,1
1381,2511.0480000000002,4.5,8,2
1382,683.552,4.0,5,1
1383,858.858,2.8333333333333335,6,0
1384,802.074,3.3333333333333335,3,0
1385,406.784,4.75,4,1
1386,688.138,3.0,2,0
1387,13943.668,2.8333333333333335,6,3
1388,4507.902,3.5,2,0
1389,2155.902,4.666666666666667,3,1
1390,7139.796,3.0,6,3
1391,6134.701999999999,5.8,5,1
1392,3999.92,4.5,2,1
1393,6109.87,4.2,5,2
1394,491.68,4.714285714285714,7,2
1395,104.5,5.2,5,1
1396,1385.79,3.875,8,2
1397,107.912,4.333333333333333,3,1
1398,361.38,3.6666666666666665,6,2
1399,25.96,5.0,2,1
1400,1184.032,4.111111111111111,9,2
1401,27.168,4.0,1,1
1402,329.946,3.7142857142857144,7,2
1403,884.0,3.1818181818181817,11,2
1404,927.768,4.166666666666667,6,2
1405,565.3860000000001,3.75,4,0
1406,73.152,3.8,5,0
1407,45.919999999999995,3.0,4,0
1408,47.080000000000005,3.0,2,0
1409,29.4,3.6666666666666665,3,0
1410,149.632,3.2,5,0
1411,11.2,5.0,2,1
1412,209.664,4.0,3,1
1413,30.799999999999997,6.666666666666667,3,1
1414,13.0,4.0,1,1
1415,13.86,2.5,2,0
1416,4476.96,5.0,4,1
1417,5906.52,4.333333333333333,3,1
1418,1219.821,3.8181818181818183,11,2
1419,754.7336,4.0,3,1
1420,1064.624,1.6666666666666667,3,0
1421,1909.8178,3.5714285714285716,7,2
1422,1368.2620000000002,3.5,2,0
1423,322.192,3.3333333333333335,3,0
1424,1427.683,2.75,4,0
1425,1706.508,3.0,2,0
1426,1014.174,4.0,3,1
1427,1875.034,4.0,4,1
1428,2154.348,4.0,5,1
1429,935.1972,3.0,3,0
1430,163.496,4.0,9,2
1431,272.88800000000003,4.0,3,1
1432,153.51,4.857142857142857,7,1
1433,26.568,1.0,2,0
1434,78.75,3.6666666666666665,6,2
1435,22.88,3.0,4,0
1436,2484.2999999999997,4.0,8,2
1437,23.864,2.5,2,0
1438,390.66,5.0,3,1
1439,316.48400000000004,5.0,5,1
1440,421.50399999999996,4.8,5,1
1441,357.948,5.25,4,1
1442,441.72799999999995,5.0,5,1
1443,210.912,4.5,4,1
1444,4399.92,3.4285714285714284,7,2
1445,6399.872,5.75,4,1
1446,63.510000000000005,2.0,3,0
1447,2906.628,4.5,4,1
1448,347.31,4.0,8,2
1449,3641.274,4.133333333333334,15,2
1450,117.58599999999998,4.571428571428571,7,2
1451,30.756,5.0,2,1
1452,4778.766,3.6666666666666665,3,0
1453,62.25,3.75,4,0
1454,48.048,3.2,5,0
1455,1016.7919999999999,4.833333333333333,6,1
1456,93.248,4.0,1,1
1457,506.28,5.0,1,1
1458,190.772,3.75,4,0
1459,251.4,4.0,4,1
1460,899.75,3.2222222222222223,9,2
1461,27.192,7.0,1,1
1462,1489.334,4.333333333333333,9,2
1463,250.92000000000002,3.3333333333333335,3,0
1464,582.6759999999999,4.25,4,1
1465,483.414,3.0,6,0
1466,151.536,3.6666666666666665,3,0
1467,262.964,4.428571428571429,7,2
1468,193.488,3.0,4,0
1469,37.932,3.6666666666666665,3,0
1470,166.704,5.25,4,1
1471,527.472,3.8,5,0
1472,70.632,5.0,5,1
1473,72.8,3.0,2,0
1474,1823.13,3.6666666666666665,6,2
1475,3035.208,4.375,8,2
1476,520.0799999999999,2.6666666666666665,3,0
1477,188.946,5.25,4,1
1478,160.83599999999998,4.75,4,1
1479,234.462,3.2,5,0
1480,110.59400000000001,3.875,8,2
1481,60.032,2.5,4,0
1482,173.826,3.4285714285714284,7,2
1483,197.802,3.8,5,0
1484,334.368,3.142857142857143,7,0
1485,65.296,3.7142857142857144,7,2
1486,46.592,4.25,4,1
1487,72.708,4.5,6,1
1488,211.00799999999998,6.0,2,1
1489,6594.954,4.0,10,2
1490,275.076,3.857142857142857,7,2
1491,293.7,4.0,4,1
1492,1675.652,4.0212765957446805,47,2
1493,528.78,3.8461538461538463,13,2
1494,254.132,4.555555555555555,9,2
1495,263.088,3.388888888888889,18,2
1496,422.288,3.0625,16,2
1497,53.754000000000005,3.8,5,0
1498,755.47,4.304347826086956,46,2
1499,459.65999999999997,4.722222222222222,18,2
1500,1035.8,0.0,1,0
1501,1286.85,4.5,2,1
1502,2330.65,3.75,4,0
1503,937.4639999999999,4.0,5,1
1504,345.84000000000003,3.5454545454545454,11,2
1505,78.144,4.0,5,1
1506,19.782,4.0,2,1
1507,136.32,4.25,4,1
1508,8.096,5.0,2,1
1509,69.76,3.75,8,2
1510,278.586,4.235294117647059,17,2
1511,94.128,3.875,8,2
1512,10.824,4.0,3,1
1513,632.52,3.75,4,0
1514,116.96000000000001,4.5,4,1
1515,245.436,3.6666666666666665,9,2
1516,17.94,5.0,1,1
1517,2552.54,5.0,5,1
1518,33.480000000000004,3.75,4,0
1519,179.76,3.0,5,0
1520,653.984,4.125,8,2
1521,2359.9410000000003,4.666666666666667,3,1
1522,70.19200000000001,5.333333333333333,3,1
1523,102.49199999999999,5.333333333333333,3,1
1524,406.464,3.25,4,0
1525,88.11,3.5,2,0
1526,49.504,3.6666666666666665,3,0
1527,626.538,4.4,5,1
1528,51.120000000000005,3.3333333333333335,3,0
1529,99.06,4.833333333333333,6,1
1530,143.928,3.6666666666666665,6,2
1531,1469.1599999999999,4.571428571428571,7,2
1532,2267.972,4.428571428571429,7,2
1533,3317.0119999999997,4.166666666666667,6,2
1534,910.404,4.0,6,2
1535,763.6679999999999,3.0,5,0
1536,2058.496,2.75,4,0
1537,175.78,3.0,4,0
1538,467.712,4.166666666666667,6,2
1539,1010.7819999999999,5.25,4,1
1540,338.118,3.7142857142857144,7,2
1541,279.18,3.2,5,0
1542,436.752,3.5,8,2
1543,229.976,3.4,5,0
1544,180.46,3.0,2,0
1545,1322.17,5.333333333333333,6,1
1546,468.46799999999996,1.0,3,0
1547,7515.523999999999,4.2,5,3
1548,10076.46,4.7,10,3
1549,374.256,4.888888888888889,9,2
1550,9630.856,4.333333333333333,12,3
1551,1281.442,3.6666666666666665,9,2
1552,402.816,4.666666666666667,6,1
1553,323.092,2.0,4,0
1554,1764.534,4.5,4,1
1555,9158.296,3.875,8,3
1556,6819.312,5.833333333333333,6,1
1557,4384.044,4.571428571428571,7,2
1558,93.52799999999999,3.3333333333333335,3,0
1559,146.11399999999998,5.0,4,1
1560,491.37,3.857142857142857,7,2
1561,299.85,3.75,4,0
1562,41.905,3.5,2,0
1563,204.507,3.6666666666666665,3,0
1564,138.532,4.0,7,2
1565,82.368,4.0,3,1
1566,342.58,3.0,3,0
1567,684.74,4.0,4,1
1568,73.696,4.5,6,1
1569,3613.74,4.625,8,2
1570,24.552,5.0,3,1
1571,1193.818,4.285714285714286,7,2
1572,346.356,3.5,4,0
1573,1243.788,3.5,6,0
1574,823.2520000000001,3.6666666666666665,3,0
1575,784.938,5.4,5,1
1576,669.496,3.4285714285714284,7,2
1577,80.494,4.333333333333333,9,2
1578,37.52,4.666666666666667,3,1
1579,610.98,3.6666666666666665,3,0
1580,570.78,2.857142857142857,7,0
1581,939.092,4.4,5,1
1582,1266.72,4.0,5,1
1583,63.824,6.0,1,1
1584,158.24,4.0,2,1
1585,239.856,3.6,5,0
1586,149.264,3.2857142857142856,7,2
1587,28.851,4.8,5,1
1588,129.168,3.4,5,0
1589,62.934,4.25,4,1
1590,15.552,3.0,1,0
1591,18.308,4.0,2,1
1592,461.868,3.25,4,0
1593,2746.582,5.125,8,2
1594,122.83,3.3333333333333335,3,0
1595,83.44,3.3333333333333335,3,0
1596,150.67000000000002,4.0,5,1
1597,248.292,4.0,5,1
1598,184.536,3.8333333333333335,6,2
1599,80.78,3.5,4,0
1600,296.184,4.5,8,2
1601,810.5500000000001,3.8,10,2
1602,71.976,7.0,1,1
1603,2630.126,3.5714285714285716,7,2
1604,1007.4,5.333333333333333,6,1
1605,3998.4,4.125,8,2
1606,708.0,2.75,4,0
1607,336.51,6.0,1,1
1608,50.232,4.333333333333333,3,1
1609,279.558,4.111111111111111,9,2
1610,167.93,4.5,4,1
1611,84.84,3.0,2,0
1612,155.51999999999998,3.6,5,0
1613,50.138000000000005,2.5,4,0
1614,336.952,3.8333333333333335,6,2
1615,1279.08,2.75,8,2
1616,909.9780000000001,2.1666666666666665,6,0
1617,320.25,4.6,5,1
1618,186.49599999999998,3.5,2,0
1619,2481.15,3.3333333333333335,6,0
1620,8878.4,3.9,10,3
1621,115.632,3.888888888888889,9,2
1622,100.392,4.75,4,1
1623,115.024,4.166666666666667,6,2
1624,533.789,3.0,9,2
1625,183.28,5.5,8,1
1626,41.344,4.0,7,2
1627,35.775,2.0,2,0
1628,51.480000000000004,3.9166666666666665,12,2
1629,834.6,4.375,8,2
1630,62.13,3.0,4,0
1631,32.647999999999996,3.0,2,0
1632,143.42,3.0,7,0
1633,554.24,3.6666666666666665,6,2
1634,134.68,4.444444444444445,9,2
1635,174.73000000000002,4.0,7,2
1636,238.329,4.416666666666667,12,2
1637,1200.714,4.181818181818182,11,2
1638,532.158,4.777777777777778,9,2
1639,96.646,4.5,8,2
1640,16.402,3.0,3,0
1641,200.512,4.5,12,2
1642,66.663,5.0,5,1
1643,100.92,4.6,5,1
1644,5327.26,4.333333333333333,6,2
1645,119.97,4.166666666666667,6,2
1646,184.62,3.4285714285714284,7,2
1647,108.416,3.6666666666666665,3,0
1648,72.25200000000001,5.666666666666667,3,1
1649,115.434,3.8333333333333335,6,2
1650,218.094,4.0,7,2
1651,200.232,3.5,8,2
1652,109.584,4.333333333333333,6,1
1653,35.948,4.0,2,1
1654,125.84,4.2,5,1
1655,15.232,2.0,2,0
1656,4044.3860000000004,4.571428571428571,7,2
1657,69.136,4.666666666666667,6,1
1658,318.378,4.0,9,2
1659,604.752,4.5,2,1
1660,201.852,3.857142857142857,7,2
1661,623.744,4.4,5,1
1662,454.36,4.25,12,2
1663,391.85999999999996,4.5,4,1
1664,881.092,3.4285714285714284,7,2
1665,543.456,4.375,8,2
1666,960.8,5.6,5,1
1667,651.4399999999999,3.8,5,0
1668,417.34,3.2857142857142856,7,2
1669,1231.656,3.6666666666666665,6,2
1670,516.624,4.0,3,1
1671,1782.4499999999998,3.6666666666666665,6,2
1672,244.7,5.0,2,1
1673,1320.57,4.0,7,2
1674,116.28,5.0,1,1
1675,1434.65,4.2727272727272725,11,2
1676,169.776,2.0,5,0
1677,191.36,4.142857142857143,7,2
1678,49.95,2.5,2,0
1679,67.72800000000001,3.0,4,0
1680,280.56,2.6363636363636362,11,2
1681,69.36,3.4,5,0
1682,415.132,3.5,4,0
1683,29.88,3.5,2,0
1684,75.328,4.166666666666667,6,2
1685,16.896,2.0,1,0
1686,82.22399999999999,2.5,2,0
1687,138.736,4.5,6,1
1688,146.448,4.4,5,1
1689,1098.6399999999999,4.0,7,2
1690,98.24,5.0,2,1
1691,1712.988,3.7142857142857144,7,2
1692,970.784,4.444444444444445,9,2
1693,767.232,2.5,10,2
1694,586.088,3.8,5,0
1695,603.54,3.6,5,0
1696,201.082,2.5,4,0
1697,865.4879999999999,3.6,5,0
1698,956.3040000000001,4.2,5,1
1699,2579.31,4.25,8,2
1700,831.98,3.2857142857142856,7,2
1701,1222.75,4.4,5,1
1702,155.04,4.0,1,1
1703,1500.234,4.25,8,2
1704,142.56,4.333333333333333,6,1
1705,89.7,2.25,4,0
1706,55.944,2.3333333333333335,3,0
1707,11.952,5.0,1,1
1708,94.856,2.6,5,0
1709,60.112,3.75,4,0
1710,396.544,1.8,5,0
1711,34.86,4.0,1,1
1712,65.056,3.6,5,0
1713,124.608,3.5,4,0
1714,351.736,4.5,4,1
1715,77.74000000000001,4.333333333333333,3,1
1716,138.672,4.4,5,1
1717,209.952,3.875,8,2
1718,85.056,5.0,1,1
1719,294.72,3.6,5,0
1720,1097.2079999999999,4.6,5,1
1721,538.152,2.75,4,0
1722,155.844,2.0,3,0
1723,499.616,3.5,4,0
1724,268.24,4.0,1,1
1725,417.34,3.2,5,0
1726,443.84000000000003,4.75,4,1
1727,615.552,2.25,4,0
1728,1740.51,2.6,5,0
1729,597.068,2.8333333333333335,6,0
1730,743.432,3.75,4,0
1731,573.648,4.833333333333333,6,1
1732,1492.036,4.0,7,2
1733,79.056,4.666666666666667,3,1
1734,136.344,4.8,5,1
1735,149.85000000000002,4.0,3,1
1736,110.55600000000001,3.857142857142857,7,2
1737,164.328,4.375,8,2
1738,49.708,5.0,3,1
1739,582.424,4.6,5,1
1740,87.648,4.666666666666667,3,1
1741,47.08,4.5,4,1
1742,84.48,4.5,4,1
1743,182.72,3.5,2,0
1744,89.7,5.5,2,1
1745,95.904,5.0,6,1
1746,32.400000000000006,3.0,2,0
1747,133.6,3.8333333333333335,6,2
1748,92.47999999999999,4.0,8,2
1749,879.832,3.5,6,0
1750,109.568,3.5714285714285716,7,2
1751,34.848,2.5,2,0
1752,721.7439999999999,3.6,5,0
1753,56.212,3.5,4,0
1754,79.056,3.1666666666666665,6,0
1755,89.424,3.2,5,0
1756,165.664,3.0,5,0
1757,11.56,6.0,1,1
1758,501.87600000000003,4.333333333333333,3,1
1759,101.592,4.833333333333333,6,1
1760,110.424,4.2,5,1
1761,46.464,4.2,5,1
1762,169.01600000000002,3.0,2,0
1763,57.408,3.75,4,0
1764,69.98400000000001,4.8,5,1
1765,36.288,3.0,2,0
1766,117.568,4.2,5,1
1767,174.556,4.75,8,2
1768,328.38800000000003,2.3333333333333335,3,0
1769,75.696,2.3333333333333335,3,0
1770,34.24,5.5,2,1
1771,70.752,3.25,4,0
1772,237.536,4.666666666666667,3,1
1773,29.900000000000002,5.0,2,1
1774,12.96,0.0,1,0
1775,25.92,3.5,2,0
1776,85.50399999999999,1.5,4,0
1777,92.48,5.0,4,1
1778,1102.888,4.777777777777778,9,2
1779,7.968,0.0,1,0
1780,57.352,4.0,4,1
1781,36.96,3.0,2,0
1782,575.568,5.0,6,1
1783,86.11200000000001,4.0,4,1
1784,147.744,4.0,8,2
1785,76.464,2.25,4,0
1786,95.904,4.2,5,1
1787,176.256,2.625,8,0
1788,165.888,4.0,7,2
1789,46.656,4.5,2,1
1790,98.49600000000001,4.714285714285714,7,2
1791,137.376,4.222222222222222,9,2
1792,6.48,4.0,1,1
1793,84.24000000000001,3.4,5,0
1794,84.24000000000001,5.4,5,1
1795,110.16,4.8,5,1
1796,171.072,4.0,8,2
1797,143.856,5.5,6,1
1798,110.16,5.75,4,1
1799,150.336,3.25,4,0
1800,60.912000000000006,3.8,5,0
1801,40.176,5.0,2,1
1802,54.432,6.5,2,1
1803,187.92000000000002,2.4,5,0
1804,124.416,3.4285714285714284,7,2
1805,95.904,2.8333333333333335,6,0
1806,104.976,5.5,4,1
1807,141.264,2.5714285714285716,7,0
1808,111.456,3.3333333333333335,6,0
1809,215.136,4.111111111111111,9,2
1810,19.44,5.0,1,1
1811,238.464,3.125,8,2
1812,151.632,4.125,8,2
1813,49.248000000000005,3.2,5,0
1814,97.2,4.5,4,1
1815,75.168,3.6666666666666665,3,0
1816,145.15200000000002,3.75,8,2
1817,73.872,2.6666666666666665,3,0
1818,134.784,5.285714285714286,7,1
1819,58.32,5.0,3,1
1820,95.904,2.6666666666666665,6,0
1821,196.99200000000002,3.111111111111111,9,2
1822,334.368,3.5454545454545454,11,2
1823,120.528,4.125,8,2
1824,97.2,3.75,4,0
1825,85.536,4.666666666666667,3,1
1826,134.784,4.0,5,1
1827,127.008,4.0,5,1
1828,79.05600000000001,3.8,5,0
1829,120.52799999999999,4.0,4,1
1830,139.392,3.875,8,2
1831,99.9,6.0,1,1
1832,593.84,3.8333333333333335,6,2
1833,2519.958,2.0,1,0
1834,2279.96,6.0,1,1
1835,386.084,4.4,10,2
1836,72.912,3.0,5,0
1837,703.71,1.0,1,0
1838,5787.355,4.0,3,1
1839,6965.700000000001,2.5,2,0
1840,100.928,3.6666666666666665,6,2
1841,81.744,4.230769230769231,13,2
1842,413.322,3.4,5,0
1843,699.9,3.4,5,0
1844,477.66,5.0,5,1
1845,215.892,3.2,5,0
1846,223.88799999999998,2.0,2,0
1847,442.554,5.142857142857143,7,1
1848,1112.788,4.571428571428571,7,2
